"","x"
"1","Home"
"2","deaths"
"3","gdppr"
"4","nicor_congenital"
"5","nicor_minap"
"6","nicor_pci"
"7","nicor_hf"
"8","primary_care_meds"
"9","hes_apc"
"10","hes_ae"
"11","hes_cc"
"12","hes_op"
"13","hes_apc_mat"
"14","hes_apc_acp"
"15","hes_ae_otr"
"16","hes_apc_otr"
"17","hes_cc_otr"
"18","hes_op_otr"
"19","lowlat_apc"
"20","lowlat_cc"
"21","lowlat_op"
"22","sgss"
"23","chess"
"24","vaccine_status"
"25","vaccine_adverse_reactions"
"26","covid_antigen_testing_pillar2"
"27","covid_antibody_testing_pillar3"
"28","ssnap"
"29","epma_administration"
"30","epma_administration_dmd"
"31","epma_administration_dosage"
"32","epma_prescription"
"33","epma_prescription_dmd"
"34","epma_prescription_dosage"
"35","epma_prescription_chemical"
"36","sus"
"37","icnarc"
"38","Admin_Lists"
